Protein_ID;Gene Name;log2_FC;p_val;EV_vs_shTRPV1_p.adj;significant;EV_vs_shTRPV1_significant;imputed;num_NAs
A0FGR8;ESYT2;-1.19;5.01E-17;7.77E-15;TRUE;TRUE;FALSE;0
A6NCE7;MAP1LC3B2;-2.81;3.79E-11;7.63E-10;TRUE;TRUE;FALSE;0
A6NDU8;RIMOC1;1.42;1.20E-05;5.46E-05;TRUE;TRUE;TRUE;2
A6NFQ2;TCAF2;-1.24;2.01E-06;1.11E-05;TRUE;TRUE;FALSE;0
A6NIH7;UNC119B;-1.34;3.89E-15;3.06E-13;TRUE;TRUE;FALSE;0
A6NJ78;METTL15;1.51;1.37E-09;1.70E-08;TRUE;TRUE;TRUE;6
A8CG34;POM121C;1.25;0.000861;0.00239;TRUE;TRUE;TRUE;3
B7ZAQ6;GPR89A;-1.09;0.0271;0.0498;TRUE;TRUE;TRUE;4
O00161;SNAP23;1.27;1.92E-17;3.37E-15;TRUE;TRUE;FALSE;0
O00391;QSOX1;-1.58;8.46E-15;6.21E-13;TRUE;TRUE;FALSE;0
O00443;PIK3C2A;1.23;3.63E-12;9.90E-11;TRUE;TRUE;FALSE;0
O00458;IFRD1;-1.89;1.57E-11;3.59E-10;TRUE;TRUE;FALSE;0
O00479;HMGN4;-1.66;0.00627;0.0137;TRUE;TRUE;FALSE;0
O00712;NFIB;1.23;0.000346;0.00106;TRUE;TRUE;TRUE;1
O00762;UBE2C;1.61;1.07E-08;1.09E-07;TRUE;TRUE;TRUE;2
O14531;DPYSL4;-1.1;0.00185;0.00468;TRUE;TRUE;TRUE;2
O14604;TMSB4Y;-1.61;0.0267;0.0491;TRUE;TRUE;TRUE;6
O14653;GOSR2;-1.24;1.47E-10;2.48E-09;TRUE;TRUE;FALSE;0
O14672;ADAM10;1.27;1.24E-12;3.88E-11;TRUE;TRUE;FALSE;0
O14684;PTGES;3.49;7.23E-05;0.000271;TRUE;TRUE;TRUE;14
O14773;TPP1;-1.32;6.79E-06;3.27E-05;TRUE;TRUE;FALSE;0
O14786;NRP1;-1.43;1.55E-09;1.91E-08;TRUE;TRUE;FALSE;0
O14874;BCKDK;1.66;7.09E-06;3.39E-05;TRUE;TRUE;TRUE;6
O14929;HAT1;1.15;2.61E-14;1.48E-12;TRUE;TRUE;FALSE;0
O14965;AURKA;1.58;1.57E-07;1.17E-06;TRUE;TRUE;TRUE;2
O14967;CLGN;-1.43;8.81E-11;1.63E-09;TRUE;TRUE;FALSE;0
O15121;DEGS1;-1.23;1.37E-06;7.84E-06;TRUE;TRUE;FALSE;0
O15173;PGRMC2;-1.05;7.28E-12;1.79E-10;TRUE;TRUE;FALSE;0
O15379;HDAC3;1.12;5.65E-05;0.000219;TRUE;TRUE;TRUE;4
O15381;NVL;1.59;1.85E-07;1.35E-06;TRUE;TRUE;TRUE;4
O15382;BCAT2;-1.03;3.92E-07;2.62E-06;TRUE;TRUE;FALSE;0
O43150;ASAP2;-1.1;6.40E-07;3.98E-06;TRUE;TRUE;FALSE;0
O43399;TPD52L2;-1.05;2.34E-13;9.35E-12;TRUE;TRUE;FALSE;0
O43670;ZNF207;1.16;5.31E-08;4.44E-07;TRUE;TRUE;FALSE;0
O43684;BUB3;1.23;7.96E-20;4.03E-17;TRUE;TRUE;FALSE;0
O43709;BUD23;1.4;0.000261;0.000837;TRUE;TRUE;TRUE;4
O43805;SSNA1;2.13;6.11E-08;5.02E-07;TRUE;TRUE;TRUE;5
O43822;CFAP410;1.08;8.23E-05;0.000304;TRUE;TRUE;TRUE;11
O43929;ORC4;1.36;0.000129;0.000453;TRUE;TRUE;TRUE;12
O60238;BNIP3L;-1.87;6.27E-13;2.15E-11;TRUE;TRUE;FALSE;0
O60353;FZD6;-1.6;5.89E-15;4.44E-13;TRUE;TRUE;FALSE;0
O60356;NUPR1;-3.03;2.13E-11;4.60E-10;TRUE;TRUE;TRUE;6
O60566;BUB1B;1.1;7.77E-09;8.28E-08;TRUE;TRUE;TRUE;1
O60568;PLOD3;-1.36;6.08E-13;2.12E-11;TRUE;TRUE;FALSE;0
O60669;SLC16A7;-2.03;7.77E-19;2.41E-16;TRUE;TRUE;FALSE;0
O60942;RNGTT;1.41;5.27E-10;7.36E-09;TRUE;TRUE;TRUE;4
O75127;PTCD1;1.49;1.19E-07;9.14E-07;TRUE;TRUE;TRUE;5
O75190;DNAJB6;1.44;2.91E-10;4.47E-09;TRUE;TRUE;FALSE;0
O75396;SEC22B;-1.26;8.44E-19;2.41E-16;TRUE;TRUE;FALSE;0
O75509;TNFRSF21;-1.24;5.88E-09;6.47E-08;TRUE;TRUE;TRUE;1
O75616;ERAL1;1.49;2.32E-15;2.00E-13;TRUE;TRUE;FALSE;0
O75635;SERPINB7;1.03;0.0125;0.0251;TRUE;TRUE;TRUE;3
O75695;RP2;-1.21;1.58E-13;6.62E-12;TRUE;TRUE;FALSE;0
O75717;WDHD1;1.43;1.37E-19;6.19E-17;TRUE;TRUE;FALSE;0
O75884;RBBP9;1.17;3.94E-05;0.000158;TRUE;TRUE;FALSE;0
O75976;CPD;1.46;1.51E-05;6.68E-05;TRUE;TRUE;TRUE;1
O76061;STC2;-2.8;2.61E-10;4.09E-09;TRUE;TRUE;TRUE;11
O76074;PDE5A;-1.57;0.00534;0.0118;TRUE;TRUE;TRUE;4
O76080;ZFAND5;1.26;3.64E-07;2.46E-06;TRUE;TRUE;TRUE;5
O94761;RECQL4;1.54;6.82E-12;1.71E-10;TRUE;TRUE;TRUE;5
O94855;SEC24D;1.01;0.00335;0.00783;TRUE;TRUE;TRUE;1
O94907;DKK1;-1.45;2.19E-06;1.19E-05;TRUE;TRUE;FALSE;0
O94985;CLSTN1;-2.39;5.57E-11;1.09E-09;TRUE;TRUE;TRUE;2
O95210;STBD1;-1.7;8.51E-08;6.72E-07;TRUE;TRUE;TRUE;2
O95229;ZWINT;1.26;2.02E-10;3.26E-09;TRUE;TRUE;TRUE;1
O95235;KIF20A;1.24;2.65E-05;0.00011;TRUE;TRUE;TRUE;3
O95239;KIF4A;1.46;2.40E-21;2.08E-18;TRUE;TRUE;FALSE;0
O95302;FKBP9;-1.14;3.43E-05;0.000139;TRUE;TRUE;FALSE;0
O95359;TACC2;-1.12;5.91E-09;6.47E-08;TRUE;TRUE;FALSE;0
O95372;LYPLA2;-1.21;2.29E-11;4.92E-10;TRUE;TRUE;FALSE;0
O95429;BAG4;1.31;3.51E-06;1.81E-05;TRUE;TRUE;TRUE;9
O95858;TSPAN15;1.31;5.17E-05;0.000202;TRUE;TRUE;TRUE;5
O95965;ITGBL1;-1.26;9.55E-06;4.43E-05;TRUE;TRUE;TRUE;1
P00374;DHFR;2.15;4.53E-08;3.83E-07;TRUE;TRUE;TRUE;4
P00390;GSR;-1.15;6.26E-18;1.31E-15;TRUE;TRUE;FALSE;0
P00533;EGFR;1.67;1.34E-09;1.68E-08;TRUE;TRUE;FALSE;0
P00995;SPINK1;-1.94;1.21E-07;9.24E-07;TRUE;TRUE;TRUE;20
P01033;TIMP1;-1.08;3.81E-11;7.64E-10;TRUE;TRUE;FALSE;0
P01034;CST3;-1.93;4.50E-16;5.09E-14;TRUE;TRUE;FALSE;0
P01893;HLA-H;1.08;0.000516;0.0015;TRUE;TRUE;TRUE;8
P02545;LMNA;-1.05;1.78E-13;7.31E-12;TRUE;TRUE;FALSE;0
P02753;RBP4;-1.44;0.0075;0.016;TRUE;TRUE;TRUE;3
P02768;ALB;-1.5;0.00846;0.0179;TRUE;TRUE;TRUE;3
P02794;FTH1;-1.51;5.30E-16;5.87E-14;TRUE;TRUE;FALSE;0
P02795;MT2A;1.51;1.51E-05;6.68E-05;TRUE;TRUE;TRUE;1
P03956;MMP1;-2.32;3.43E-14;1.84E-12;TRUE;TRUE;TRUE;13
P03973;SLPI;-1.96;0.00291;0.00693;TRUE;TRUE;TRUE;6
P04155;TFF1;-2.54;9.25E-10;1.22E-08;TRUE;TRUE;FALSE;0
P04181;OAT;2.91;6.01E-23;1.09E-19;TRUE;TRUE;FALSE;0
P04183;TK1;1.98;9.93E-23;1.35E-19;TRUE;TRUE;FALSE;0
P04632;CAPNS1;-1.13;4.44E-10;6.42E-09;TRUE;TRUE;FALSE;0
P04818;TYMS;1.68;8.99E-19;2.41E-16;TRUE;TRUE;FALSE;0
P06396;GSN;-1.08;1.14E-14;7.85E-13;TRUE;TRUE;FALSE;0
P06493;CDK1;1.4;8.17E-20;4.03E-17;TRUE;TRUE;FALSE;0
P06702;S100A9;2.56;0.0244;0.0454;TRUE;TRUE;TRUE;16
P06737;PYGL;-1.1;1.50E-08;1.47E-07;TRUE;TRUE;FALSE;0
P07093;SERPINE2;-2.59;7.17E-09;7.71E-08;TRUE;TRUE;FALSE;0
P07196;NEFL;-1.3;6.45E-05;0.000246;TRUE;TRUE;FALSE;0
P07602;PSAP;-1.27;4.77E-06;2.41E-05;TRUE;TRUE;FALSE;0
P07711;CTSL;-1.05;3.60E-07;2.44E-06;TRUE;TRUE;FALSE;0
P08174;CD55;-2.33;7.11E-10;9.58E-09;TRUE;TRUE;FALSE;0
P08397;HMBS;1.09;1.66E-07;1.23E-06;TRUE;TRUE;TRUE;1
P08476;INHBA;-1.15;0.0166;0.0322;TRUE;TRUE;TRUE;4
P08582;MELTF;1.22;3.54E-07;2.41E-06;TRUE;TRUE;TRUE;6
P08648;ITGA5;-1.34;5.06E-10;7.15E-09;TRUE;TRUE;TRUE;1
P08754;GNAI3;1.89;1.86E-11;4.09E-10;TRUE;TRUE;FALSE;0
P09104;ENO2;-1.3;7.95E-13;2.68E-11;TRUE;TRUE;FALSE;0
P09601;HMOX1;-1.55;5.73E-08;4.75E-07;TRUE;TRUE;FALSE;0
P09884;POLA1;1.55;8.15E-14;3.87E-12;TRUE;TRUE;TRUE;1
P0DI83;RAB34;1.6;9.73E-10;1.27E-08;TRUE;TRUE;TRUE;2
P10124;SRGN;-1.28;2.04E-10;3.28E-09;TRUE;TRUE;FALSE;0
P10145;CXCL8;2.65;0.00944;0.0196;TRUE;TRUE;TRUE;16
P10253;GAA;-1.11;7.23E-11;1.37E-09;TRUE;TRUE;FALSE;0
P10321;HLA-C;1.22;1.20E-07;9.20E-07;TRUE;TRUE;FALSE;0
P10586;PTPRF;-1.49;0.00347;0.00808;TRUE;TRUE;TRUE;5
P10599;TXN;-1.03;1.81E-07;1.32E-06;TRUE;TRUE;FALSE;0
P10909;CLU;-1.51;0.000133;0.000463;TRUE;TRUE;TRUE;2
P11047;LAMC1;-1.03;2.35E-12;6.91E-11;TRUE;TRUE;FALSE;0
P11233;RALA;-1.18;6.22E-12;1.57E-10;TRUE;TRUE;FALSE;0
P11388;TOP2A;1.44;6.49E-14;3.15E-12;TRUE;TRUE;FALSE;0
P11926;ODC1;1.76;0.000655;0.00186;TRUE;TRUE;FALSE;0
P12081;HARS1;1.09;4.18E-11;8.32E-10;TRUE;TRUE;FALSE;0
P12109;COL6A1;-1.05;1.30E-06;7.52E-06;TRUE;TRUE;FALSE;0
P12259;F5;-1.2;0.0226;0.0424;TRUE;TRUE;TRUE;9
P13674;P4HA1;-1.2;2.16E-20;1.30E-17;TRUE;TRUE;FALSE;0
P13861;PRKAR2A;-1.19;9.45E-11;1.73E-09;TRUE;TRUE;FALSE;0
P14859;POU2F1;1.67;1.53E-10;2.57E-09;TRUE;TRUE;TRUE;2
P15428;HPGD;-1.18;0.0175;0.0339;TRUE;TRUE;FALSE;0
P16035;TIMP2;-2.25;1.41E-12;4.39E-11;TRUE;TRUE;FALSE;0
P16422;EPCAM;1.26;0.000811;0.00226;TRUE;TRUE;FALSE;0
P16455;MGMT;1.52;1.58E-08;1.54E-07;TRUE;TRUE;TRUE;3
P17252;PRKCA;-1.11;5.32E-09;5.96E-08;TRUE;TRUE;FALSE;0
P17900;GM2A;-1.17;9.94E-07;5.92E-06;TRUE;TRUE;FALSE;0
P17936;IGFBP3;-1.65;0.000235;0.000763;TRUE;TRUE;TRUE;2
P18085;ARF4;-1.03;8.49E-08;6.71E-07;TRUE;TRUE;FALSE;0
P18433;PTPRA;1.04;1.86E-05;8.03E-05;TRUE;TRUE;TRUE;1
P18858;LIG1;1.22;9.14E-09;9.49E-08;TRUE;TRUE;TRUE;1
P19021;PAM;-1.28;1.42E-05;6.34E-05;TRUE;TRUE;FALSE;0
P19634;SLC9A1;-1.72;1.05E-07;8.17E-07;TRUE;TRUE;TRUE;18
P20585;MSH3;1.16;0.0193;0.0368;TRUE;TRUE;TRUE;3
P21579;SYT1;-1.95;1.89E-05;8.15E-05;TRUE;TRUE;TRUE;12
P21583;KITLG;-2.92;4.93E-15;3.82E-13;TRUE;TRUE;TRUE;14
P21741;MDK;-2.67;6.17E-07;3.86E-06;TRUE;TRUE;TRUE;6
P21980;TGM2;1.53;3.04E-07;2.10E-06;TRUE;TRUE;FALSE;0
P23921;RRM1;1.4;4.09E-12;1.10E-10;TRUE;TRUE;FALSE;0
P24593;IGFBP5;-1.48;0.000477;0.00141;TRUE;TRUE;TRUE;5
P24821;TNC;-1.62;1.94E-06;1.07E-05;TRUE;TRUE;TRUE;1
P25490;YY1;1.25;3.77E-07;2.53E-06;TRUE;TRUE;TRUE;2
P25686;DNAJB2;-1.25;2.42E-14;1.42E-12;TRUE;TRUE;FALSE;0
P25815;S100P;-3.11;5.88E-09;6.47E-08;TRUE;TRUE;FALSE;0
P26358;DNMT1;1.35;2.04E-18;4.62E-16;TRUE;TRUE;FALSE;0
P27482;CALML3;-1.18;0.0144;0.0284;TRUE;TRUE;TRUE;1
P27694;RPA1;1.08;2.68E-14;1.50E-12;TRUE;TRUE;FALSE;0
P27707;DCK;1.04;3.82E-13;1.42E-11;TRUE;TRUE;FALSE;0
P28065;PSMB9;1.03;0.00253;0.00613;TRUE;TRUE;TRUE;2
P28340;POLD1;1.09;3.18E-11;6.51E-10;TRUE;TRUE;FALSE;0
P28799;GRN;-1.75;1.68E-18;3.97E-16;TRUE;TRUE;FALSE;0
P29034;S100A2;1.21;4.32E-10;6.28E-09;TRUE;TRUE;FALSE;0
P30044;PRDX5;-1.16;4.55E-10;6.52E-09;TRUE;TRUE;FALSE;0
P30154;PPP2R1B;1.37;1.52E-08;1.49E-07;TRUE;TRUE;TRUE;1
P30838;ALDH3A1;-2.14;9.98E-06;4.61E-05;TRUE;TRUE;TRUE;4
P31350;RRM2;1.24;5.51E-14;2.72E-12;TRUE;TRUE;FALSE;0
P31431;SDC4;-1.4;2.98E-10;4.53E-09;TRUE;TRUE;FALSE;0
P32121;ARRB2;1.09;1.12E-08;1.14E-07;TRUE;TRUE;TRUE;1
P32189;GK;-1.42;2.76E-11;5.78E-10;TRUE;TRUE;FALSE;0
P32929;CTH;-1.23;1.14E-07;8.75E-07;TRUE;TRUE;FALSE;0
P33316;DUT;1.53;4.16E-10;6.11E-09;TRUE;TRUE;FALSE;0
P33991;MCM4;1.02;4.02E-19;1.46E-16;TRUE;TRUE;FALSE;0
P33992;MCM5;1.21;9.21E-19;2.41E-16;TRUE;TRUE;FALSE;0
P33993;MCM7;1.06;5.05E-13;1.82E-11;TRUE;TRUE;FALSE;0
P35052;GPC1;-1.95;0.000196;0.000649;TRUE;TRUE;TRUE;17
P35080;PFN2;-1.01;2.86E-14;1.57E-12;TRUE;TRUE;FALSE;0
P35250;RFC2;1.1;7.92E-16;8.25E-14;TRUE;TRUE;FALSE;0
P35869;AHR;1.24;1.33E-05;5.99E-05;TRUE;TRUE;TRUE;1
P36639;NUDT1;1.92;5.78E-09;6.42E-08;TRUE;TRUE;TRUE;4
P37059;HSD17B2;-1.2;9.36E-05;0.000341;TRUE;TRUE;TRUE;1
P37268;FDFT1;1.13;6.97E-05;0.000263;TRUE;TRUE;TRUE;11
P38936;CDKN1A;-1.54;1.93E-10;3.15E-09;TRUE;TRUE;TRUE;7
P40937;RFC5;1.01;1.62E-14;1.03E-12;TRUE;TRUE;FALSE;0
P40938;RFC3;1.56;2.42E-15;2.05E-13;TRUE;TRUE;FALSE;0
P41214;EIF2D;1.18;5.69E-12;1.46E-10;TRUE;TRUE;FALSE;0
P41250;GARS1;-1.5;1.64E-11;3.73E-10;TRUE;TRUE;FALSE;0
P42330;AKR1C3;-1.07;9.71E-11;1.76E-09;TRUE;TRUE;FALSE;0
P42575;CASP2;1.31;0.000322;0.001;TRUE;TRUE;TRUE;2
P42695;NCAPD3;1.2;6.58E-08;5.34E-07;TRUE;TRUE;FALSE;0
P42773;CDKN2C;-1.1;2.32E-05;9.79E-05;TRUE;TRUE;FALSE;0
P43121;MCAM;1.46;4.59E-13;1.66E-11;TRUE;TRUE;FALSE;0
P46013;MKI67;1.3;3.44E-10;5.15E-09;TRUE;TRUE;FALSE;0
P47895;ALDH1A3;1.1;3.33E-13;1.26E-11;TRUE;TRUE;FALSE;0
P48200;IREB2;-1.04;5.77E-13;2.05E-11;TRUE;TRUE;FALSE;0
P48307;TFPI2;-1.86;1.18E-05;5.37E-05;TRUE;TRUE;TRUE;2
P48382;RFX5;1.57;0.000122;0.00043;TRUE;TRUE;TRUE;7
P48436;SOX9;1.1;0.000458;0.00136;TRUE;TRUE;TRUE;3
P48723;HSPA13;-1.11;5.86E-09;6.47E-08;TRUE;TRUE;FALSE;0
P48730;CSNK1D;1.61;1.79E-05;7.77E-05;TRUE;TRUE;TRUE;3
P48745;CCN3;-1.03;0.00309;0.0073;TRUE;TRUE;TRUE;18
P49005;POLD2;1.15;1.60E-05;7.01E-05;TRUE;TRUE;FALSE;0
P49321;NASP;1.17;3.33E-11;6.77E-10;TRUE;TRUE;FALSE;0
P49642;PRIM1;2.39;4.59E-11;9.10E-10;TRUE;TRUE;TRUE;3
P49643;PRIM2;1.56;2.94E-10;4.49E-09;TRUE;TRUE;TRUE;1
P50281;MMP14;-1.15;2.84E-07;1.97E-06;TRUE;TRUE;FALSE;0
P50995;ANXA11;-1.2;5.79E-15;4.43E-13;TRUE;TRUE;FALSE;0
P51003;PAPOLA;1.03;5.32E-07;3.40E-06;TRUE;TRUE;FALSE;0
P51151;RAB9A;-1.03;4.95E-10;7.03E-09;TRUE;TRUE;FALSE;0
P51648;ALDH3A2;-1.05;5.51E-07;3.51E-06;TRUE;TRUE;FALSE;0
P51965;UBE2E1;-1.12;4.02E-09;4.58E-08;TRUE;TRUE;FALSE;0
P52565;ARHGDIA;-1.04;2.02E-12;6.00E-11;TRUE;TRUE;FALSE;0
P53350;PLK1;1.73;2.32E-07;1.65E-06;TRUE;TRUE;TRUE;4
P53801;PTTG1IP;1.13;0.00168;0.00431;TRUE;TRUE;FALSE;0
P53814;SMTN;1.19;2.10E-17;3.56E-15;TRUE;TRUE;FALSE;0
P55268;LAMB2;-2.05;1.99E-10;3.24E-09;TRUE;TRUE;TRUE;1
P55854;SUMO3;1.94;8.39E-10;1.11E-08;TRUE;TRUE;FALSE;0
P58004;SESN2;-3.03;1.33E-13;5.86E-12;TRUE;TRUE;TRUE;1
P60059;SEC61G;-1.05;2.88E-07;1.99E-06;TRUE;TRUE;FALSE;0
P60602;ROMO1;1.03;0.00965;0.02;TRUE;TRUE;TRUE;2
P60953;CDC42;-1.17;5.54E-12;1.43E-10;TRUE;TRUE;FALSE;0
P61024;CKS1B;1.43;4.94E-12;1.31E-10;TRUE;TRUE;FALSE;0
P61244;MAX;-1.31;1.50E-07;1.13E-06;TRUE;TRUE;FALSE;0
P61326;MAGOH;-1.54;0.00798;0.0169;TRUE;TRUE;TRUE;5
P61513;RPL37A;1.08;0.000284;0.000896;TRUE;TRUE;FALSE;0
P61587;RND3;-1.82;1.78E-08;1.69E-07;TRUE;TRUE;FALSE;0
P61925;PKIA;-1.44;2.01E-08;1.88E-07;TRUE;TRUE;FALSE;0
P62328;TMSB4X;-1.26;9.14E-09;9.49E-08;TRUE;TRUE;FALSE;0
P63172;DYNLT1;1.55;5.01E-11;9.86E-10;TRUE;TRUE;FALSE;0
P63261;ACTG1;-1.02;4.66E-05;0.000184;TRUE;TRUE;FALSE;0
P63313;TMSB10;-1.29;3.84E-05;0.000154;TRUE;TRUE;FALSE;0
P78540;ARG2;-1.57;0.000124;0.000437;TRUE;TRUE;TRUE;11
P80188;LCN2;2.09;0.0129;0.0258;TRUE;TRUE;TRUE;5
P80723;BASP1;-1.06;1.79E-07;1.32E-06;TRUE;TRUE;FALSE;0
P81605;DCD;-1.14;0.0218;0.041;TRUE;TRUE;TRUE;2
Q00013;MPP1;1.77;3.23E-08;2.83E-07;TRUE;TRUE;TRUE;7
Q00534;CDK6;-1.09;1.12E-09;1.44E-08;TRUE;TRUE;FALSE;0
Q00577;PURA;-1.06;3.66E-14;1.95E-12;TRUE;TRUE;FALSE;0
Q01432;AMPD3;1.61;1.75E-08;1.67E-07;TRUE;TRUE;TRUE;5
Q01581;HMGCS1;1.73;1.63E-16;2.21E-14;TRUE;TRUE;FALSE;0
Q02086;SP2;1.45;2.20E-07;1.57E-06;TRUE;TRUE;TRUE;6
Q02447;SP3;1.2;0.000193;0.00064;TRUE;TRUE;TRUE;3
Q03013;GSTM4;2.1;2.50E-09;2.95E-08;TRUE;TRUE;TRUE;6
Q03403;TFF2;-2.26;8.26E-07;5.04E-06;TRUE;TRUE;TRUE;1
Q04446;GBE1;-1.19;1.30E-20;8.80E-18;TRUE;TRUE;FALSE;0
Q06330;RBPJ;1.18;0.00067;0.00189;TRUE;TRUE;TRUE;1
Q06481;APLP2;-1.47;1.32E-15;1.24E-13;TRUE;TRUE;FALSE;0
Q07864;POLE;-1.04;0.00222;0.00548;TRUE;TRUE;TRUE;20
Q08431;MFGE8;-1.05;0.00175;0.00447;TRUE;TRUE;TRUE;16
Q08629;SPOCK1;-2.37;3.94E-12;1.07E-10;TRUE;TRUE;TRUE;12
Q08AE8;SPIRE1;-1.08;4.84E-12;1.29E-10;TRUE;TRUE;FALSE;0
Q09328;MGAT5;1.5;8.53E-09;8.96E-08;TRUE;TRUE;TRUE;4
Q0IIM8;TBC1D8B;-1.02;2.19E-08;2.02E-07;TRUE;TRUE;FALSE;0
Q12802;AKAP13;-1.13;4.50E-16;5.09E-14;TRUE;TRUE;FALSE;0
Q12841;FSTL1;1.5;9.94E-10;1.29E-08;TRUE;TRUE;FALSE;0
Q12983;BNIP3;-1.23;8.64E-10;1.14E-08;TRUE;TRUE;FALSE;0
Q13112;CHAF1B;1.46;3.14E-10;4.73E-09;TRUE;TRUE;FALSE;0
Q13191;CBLB;-1.17;1.54E-08;1.50E-07;TRUE;TRUE;FALSE;0
Q13228;SELENBP1;-1.33;0.000133;0.000465;TRUE;TRUE;FALSE;0
Q13257;MAD2L1;1.27;6.15E-05;0.000235;TRUE;TRUE;TRUE;10
Q13443;ADAM9;1.11;1.80E-07;1.32E-06;TRUE;TRUE;FALSE;0
Q13541;EIF4EBP1;-1.21;2.87E-07;1.98E-06;TRUE;TRUE;FALSE;0
Q13542;EIF4EBP2;-1.15;1.46E-09;1.81E-08;TRUE;TRUE;FALSE;0
Q13554;CAMK2B;-1.78;3.46E-07;2.36E-06;TRUE;TRUE;TRUE;3
Q13835;PKP1;1.03;8.57E-13;2.87E-11;TRUE;TRUE;FALSE;0
Q13884;SNTB1;-1.52;2.12E-08;1.97E-07;TRUE;TRUE;FALSE;0
Q13901;C1D;1.22;0.000162;0.00055;TRUE;TRUE;TRUE;4
Q13950;RUNX2;1.14;0.000328;0.00102;TRUE;TRUE;TRUE;16
Q14166;TTLL12;1.15;3.37E-16;4.22E-14;TRUE;TRUE;FALSE;0
Q14181;POLA2;1.25;7.57E-09;8.08E-08;TRUE;TRUE;TRUE;1
Q14202;ZMYM3;1.44;1.64E-05;7.18E-05;TRUE;TRUE;TRUE;5
Q14249;ENDOG;-1.23;3.19E-08;2.80E-07;TRUE;TRUE;FALSE;0
Q14527;HLTF;1.66;5.10E-14;2.59E-12;TRUE;TRUE;TRUE;1
Q14533;KRT81;1.26;4.42E-07;2.90E-06;TRUE;TRUE;FALSE;0
Q14566;MCM6;1.05;6.32E-19;2.15E-16;TRUE;TRUE;FALSE;0
Q14691;GINS1;1.76;1.31E-09;1.65E-08;TRUE;TRUE;TRUE;1
Q14693;LPIN1;1.38;6.36E-06;3.08E-05;TRUE;TRUE;TRUE;1
Q15004;PCLAF;1.36;0.000245;0.000794;TRUE;TRUE;TRUE;1
Q15022;SUZ12;1.13;0.000105;0.000377;TRUE;TRUE;TRUE;4
Q15032;R3HDM1;1.1;2.11E-10;3.38E-09;TRUE;TRUE;TRUE;1
Q15054;POLD3;1.5;2.11E-14;1.29E-12;TRUE;TRUE;FALSE;0
Q15058;KIF14;1.08;0.000198;0.000655;TRUE;TRUE;TRUE;1
Q15121;PEA15;-1.34;9.87E-10;1.28E-08;TRUE;TRUE;FALSE;0
Q15173;PPP2R5B;-1.12;1.36E-14;9.03E-13;TRUE;TRUE;FALSE;0
Q15434;RBMS2;1.3;5.15E-12;1.34E-10;TRUE;TRUE;FALSE;0
Q15650;TRIP4;1.13;0.000899;0.00248;TRUE;TRUE;TRUE;3
Q15653;NFKBIB;-1.24;3.15E-11;6.49E-10;TRUE;TRUE;FALSE;0
Q15691;MAPRE1;1.04;2.63E-11;5.56E-10;TRUE;TRUE;FALSE;0
Q15771;RAB30;-1.04;2.37E-13;9.39E-12;TRUE;TRUE;FALSE;0
Q15800;MSMO1;1.79;1.05E-06;6.22E-06;TRUE;TRUE;TRUE;10
Q15847;ADIRF;-1.89;2.41E-07;1.70E-06;TRUE;TRUE;FALSE;0
Q16394;EXT1;-1.09;7.91E-09;8.39E-08;TRUE;TRUE;FALSE;0
Q16555;DPYSL2;-1.02;8.06E-16;8.25E-14;TRUE;TRUE;FALSE;0
Q16595;FXN;-1.05;0.00142;0.0037;TRUE;TRUE;TRUE;1
Q16763;UBE2S;1.03;1.69E-07;1.25E-06;TRUE;TRUE;FALSE;0
Q17RY0;CPEB4;1.18;2.18E-09;2.60E-08;TRUE;TRUE;TRUE;2
Q1L6U9;MSMP;1.77;1.54E-05;6.80E-05;TRUE;TRUE;FALSE;0
Q3KQV9;UAP1L1;-1.98;8.96E-16;8.86E-14;TRUE;TRUE;FALSE;0
Q3YEC7;RABL6;1.01;0.00028;0.000886;TRUE;TRUE;TRUE;4
Q3ZCW2;LGALSL;-1.28;0.000131;0.000458;TRUE;TRUE;TRUE;5
Q53LP3;SOWAHC;-1.44;2.62E-12;7.54E-11;TRUE;TRUE;FALSE;0
Q5JRA6;MIA3;-1.03;8.19E-14;3.87E-12;TRUE;TRUE;FALSE;0
Q5MNZ6;WDR45B;1.62;1.50E-07;1.13E-06;TRUE;TRUE;TRUE;5
Q5NDL2;EOGT;2.07;5.73E-09;6.38E-08;TRUE;TRUE;TRUE;8
Q5T280;SPOUT1;1.58;7.56E-09;8.08E-08;TRUE;TRUE;TRUE;2
Q5T3J3;LRIF1;1.03;0.000898;0.00248;TRUE;TRUE;TRUE;5
Q5T5U3;ARHGAP21;-1.19;1.18E-09;1.51E-08;TRUE;TRUE;TRUE;1
Q5T6F2;UBAP2;1.69;9.30E-19;2.41E-16;TRUE;TRUE;FALSE;0
Q5T9A4;ATAD3B;-1.06;7.08E-11;1.35E-09;TRUE;TRUE;FALSE;0
Q5TBB1;RNASEH2B;1.22;1.60E-08;1.55E-07;TRUE;TRUE;TRUE;1
Q5TC12;ATPAF1;1.77;1.91E-06;1.06E-05;TRUE;TRUE;TRUE;5
Q5VV42;CDKAL1;1.29;1.27E-07;9.67E-07;TRUE;TRUE;TRUE;1
Q5VWQ0;RSBN1;1.19;3.18E-10;4.78E-09;TRUE;TRUE;FALSE;0
Q5VZL5;ZMYM4;1.05;1.07E-08;1.10E-07;TRUE;TRUE;TRUE;1
Q5ZPR3;CD276;-1.03;0.000354;0.00108;TRUE;TRUE;TRUE;3
Q629K1;TRIQK;-1.39;9.22E-09;9.55E-08;TRUE;TRUE;FALSE;0
Q684P5;RAP1GAP2;1.01;0.0048;0.0108;TRUE;TRUE;TRUE;13
Q68D91;MBLAC2;1.16;0.000601;0.00173;TRUE;TRUE;TRUE;2
Q6NW34;NEPRO;2.04;7.04E-12;1.75E-10;TRUE;TRUE;TRUE;6
Q6NYC8;PPP1R18;-1.05;8.62E-13;2.87E-11;TRUE;TRUE;FALSE;0
Q6PCE3;PGM2L1;-1.13;1.62E-05;7.11E-05;TRUE;TRUE;TRUE;1
Q6PJG6;BRAT1;1.51;4.12E-16;4.97E-14;TRUE;TRUE;FALSE;0
Q6PL18;ATAD2;1.95;1.39E-10;2.39E-09;TRUE;TRUE;TRUE;4
Q6SPF0;SAMD1;1.15;0.00707;0.0152;TRUE;TRUE;TRUE;13
Q6ZRP7;QSOX2;1.21;4.65E-07;3.03E-06;TRUE;TRUE;TRUE;6
Q6ZXV5;TMTC3;1.05;0.00196;0.00492;TRUE;TRUE;TRUE;5
Q70UQ0;IKBIP;-1.12;7.92E-12;1.92E-10;TRUE;TRUE;FALSE;0
Q71UM5;RPS27L;-1.22;5.94E-14;2.91E-12;TRUE;TRUE;FALSE;0
Q7L592;NDUFAF7;1.52;7.78E-08;6.21E-07;TRUE;TRUE;TRUE;1
Q7LBR1;CHMP1B;-1.48;3.22E-12;8.96E-11;TRUE;TRUE;FALSE;0
Q7LFX5;CHST15;-2.23;0.000403;0.00122;TRUE;TRUE;TRUE;3
Q7RTV0;PHF5A;1.08;8.84E-06;4.13E-05;TRUE;TRUE;FALSE;0
Q7Z3C6;ATG9A;-1.29;2.82E-14;1.56E-12;TRUE;TRUE;FALSE;0
Q7Z4F1;LRP10;-1.14;0.000505;0.00147;TRUE;TRUE;FALSE;0
Q7Z4Q2;HEATR3;1.36;3.36E-12;9.25E-11;TRUE;TRUE;FALSE;0
Q7Z6M1;RABEPK;1.26;1.60E-09;1.97E-08;TRUE;TRUE;FALSE;0
Q86SQ9;DHDDS;-1.9;4.98E-06;2.50E-05;TRUE;TRUE;TRUE;9
Q86TG7;PEG10;2.18;2.11E-14;1.29E-12;TRUE;TRUE;TRUE;2
Q86UU1;PHLDB1;1.04;2.03E-06;1.11E-05;TRUE;TRUE;TRUE;4
Q86VI3;IQGAP3;1.55;1.23E-10;2.17E-09;TRUE;TRUE;FALSE;0
Q86VR2;RETREG3;-1.88;4.12E-14;2.17E-12;TRUE;TRUE;FALSE;0
Q86W34;AMZ2;1.06;0.000425;0.00127;TRUE;TRUE;TRUE;3
Q86X02;CDR2L;-1.15;1.18E-10;2.09E-09;TRUE;TRUE;FALSE;0
Q8IUF8;RIOX2;1.07;8.61E-08;6.78E-07;TRUE;TRUE;FALSE;0
Q8IUH4;ZDHHC13;1.52;5.65E-07;3.58E-06;TRUE;TRUE;TRUE;1
Q8IV36;HID1;1.48;2.98E-06;1.57E-05;TRUE;TRUE;TRUE;1
Q8IVF2;AHNAK2;-1.01;3.29E-08;2.87E-07;TRUE;TRUE;FALSE;0
Q8IWF6;DENND6A;-1.68;2.11E-06;1.15E-05;TRUE;TRUE;TRUE;1
Q8IX90;SKA3;1.03;0.00278;0.00667;TRUE;TRUE;TRUE;16
Q8IXU6;SLC35F2;2.42;1.06E-12;3.36E-11;TRUE;TRUE;TRUE;1
Q8IXW5;RPAP2;1.36;1.61E-07;1.20E-06;TRUE;TRUE;TRUE;4
Q8IY95;TMEM192;1.14;0.00156;0.00402;TRUE;TRUE;TRUE;11
Q8IYJ1;CPNE9;-1.1;0.000336;0.00104;TRUE;TRUE;TRUE;6
Q8IYS1;PM20D2;2.73;2.08E-14;1.29E-12;TRUE;TRUE;TRUE;8
Q8IZP0;ABI1;-1.08;5.55E-07;3.52E-06;TRUE;TRUE;FALSE;0
Q8N129;CNPY4;-1.18;3.06E-09;3.55E-08;TRUE;TRUE;FALSE;0
Q8N3V7;SYNPO;1.1;0.000163;0.000552;TRUE;TRUE;FALSE;0
Q8N4P3;HDDC3;-1.02;0.0123;0.0249;TRUE;TRUE;TRUE;15
Q8N556;AFAP1;2.52;1.17E-18;2.88E-16;TRUE;TRUE;FALSE;0
Q8N5C6;SRBD1;1.18;0.000944;0.00258;TRUE;TRUE;TRUE;4
Q8N668;COMMD1;1.02;0.021;0.0398;TRUE;TRUE;TRUE;7
Q8N8A6;DDX51;1.04;1.59E-06;8.98E-06;TRUE;TRUE;TRUE;3
Q8N8J7;FAM241A;-1.08;0.00715;0.0153;TRUE;TRUE;TRUE;8
Q8N8Q8;COX18;1.03;1.23E-07;9.40E-07;TRUE;TRUE;TRUE;1
Q8NBU5;ATAD1;-1.12;0.0108;0.0221;TRUE;TRUE;TRUE;1
Q8NC60;NOA1;1.07;3.07E-09;3.55E-08;TRUE;TRUE;FALSE;0
Q8NCC3;PLA2G15;-1.24;5.05E-07;3.26E-06;TRUE;TRUE;TRUE;4
Q8NEZ2;VPS37A;1.05;1.77E-05;7.70E-05;TRUE;TRUE;TRUE;4
Q8NFJ5;GPRC5A;1.53;5.09E-07;3.28E-06;TRUE;TRUE;TRUE;3
Q8NHQ9;DDX55;1.09;2.92E-05;0.00012;TRUE;TRUE;TRUE;3
Q8TAA9;VANGL1;1.02;1.56E-07;1.17E-06;TRUE;TRUE;TRUE;6
Q8TE58;ADAMTS15;-1.34;5.62E-08;4.68E-07;TRUE;TRUE;TRUE;11
Q8TF74;WIPF2;-1.16;6.93E-05;0.000262;TRUE;TRUE;FALSE;0
Q8WTV0;SCARB1;1.07;0.000542;0.00157;TRUE;TRUE;TRUE;1
Q8WUH1;CHURC1;1.29;0.0204;0.0387;TRUE;TRUE;TRUE;8
Q8WUH6;TMEM263;-1.57;1.20E-11;2.83E-10;TRUE;TRUE;FALSE;0
Q8WUJ0;STYX;1.3;4.49E-06;2.27E-05;TRUE;TRUE;TRUE;6
Q8WV16;DCAF4;1.22;7.05E-06;3.37E-05;TRUE;TRUE;TRUE;3
Q8WV24;PHLDA1;1.22;1.59E-06;8.98E-06;TRUE;TRUE;TRUE;3
Q8WVC6;DCAKD;-1.11;6.28E-10;8.55E-09;TRUE;TRUE;FALSE;0
Q8WVX9;FAR1;1.49;4.27E-06;2.17E-05;TRUE;TRUE;FALSE;0
Q8WVY7;UBLCP1;1.1;0.000317;0.000987;TRUE;TRUE;FALSE;0
Q8WWH5;TRUB1;1.63;7.60E-11;1.42E-09;TRUE;TRUE;FALSE;0
Q8WXX5;DNAJC9;1.08;1.07E-08;1.09E-07;TRUE;TRUE;FALSE;0
Q8WZA9;IRGQ;-1.16;7.32E-12;1.79E-10;TRUE;TRUE;FALSE;0
Q92466;DDB2;1.2;4.74E-09;5.38E-08;TRUE;TRUE;TRUE;8
Q92503;SEC14L1;1.01;0.000175;0.000586;TRUE;TRUE;TRUE;8
Q92504;SLC39A7;-1.57;9.27E-05;0.000338;TRUE;TRUE;FALSE;0
Q92537;SUSD6;-2.44;7.02E-09;7.58E-08;TRUE;TRUE;TRUE;12
Q92539;LPIN2;-1.61;5.62E-10;7.74E-09;TRUE;TRUE;TRUE;4
Q92597;NDRG1;-2.32;1.61E-23;8.77E-20;TRUE;TRUE;FALSE;0
Q92667;AKAP1;1.03;1.22E-14;8.15E-13;TRUE;TRUE;FALSE;0
Q92686;NRGN;-1.1;1.84E-07;1.35E-06;TRUE;TRUE;FALSE;0
Q92747;ARPC1A;-1.56;5.33E-06;2.65E-05;TRUE;TRUE;FALSE;0
Q92769;HDAC2;1.22;2.85E-15;2.28E-13;TRUE;TRUE;FALSE;0
Q92826;HOXB13;1.19;0.000389;0.00118;TRUE;TRUE;TRUE;2
Q969E2;SCAMP4;1.34;0.00174;0.00444;TRUE;TRUE;TRUE;9
Q969L2;MAL2;-1.26;5.48E-09;6.12E-08;TRUE;TRUE;FALSE;0
Q969S9;GFM2;1.12;3.19E-11;6.51E-10;TRUE;TRUE;FALSE;0
Q96A73;KIAA1191;-1.2;1.44E-10;2.45E-09;TRUE;TRUE;FALSE;0
Q96AQ6;PBXIP1;-1.51;2.68E-21;2.08E-18;TRUE;TRUE;FALSE;0
Q96AZ6;ISG20;-1.45;1.45E-11;3.36E-10;TRUE;TRUE;FALSE;0
Q96B01;RAD51AP1;1.63;1.74E-06;9.75E-06;TRUE;TRUE;TRUE;7
Q96BD0;SLCO4A1;1.08;0.0031;0.00731;TRUE;TRUE;TRUE;7
Q96BZ9;TBC1D20;-1.46;9.44E-13;3.07E-11;TRUE;TRUE;FALSE;0
Q96D15;RCN3;-2.21;3.42E-16;4.22E-14;TRUE;TRUE;FALSE;0
Q96DF8;ESS2;1.03;1.06E-06;6.27E-06;TRUE;TRUE;TRUE;9
Q96DH6;MSI2;-1.07;6.92E-07;4.28E-06;TRUE;TRUE;FALSE;0
Q96DT6;ATG4C;1.13;1.30E-05;5.88E-05;TRUE;TRUE;TRUE;10
Q96E29;MTERF3;1.09;0.00385;0.00884;TRUE;TRUE;TRUE;8
Q96E39;RBMXL1;-1.14;0.000739;0.00208;TRUE;TRUE;FALSE;0
Q96EH3;MALSU1;1.36;6.97E-05;0.000263;TRUE;TRUE;TRUE;4
Q96FZ5;CMTM7;-1.07;1.43E-06;8.17E-06;TRUE;TRUE;FALSE;0
Q96GA3;LTV1;1.15;2.42E-17;3.86E-15;TRUE;TRUE;FALSE;0
Q96K49;TMEM87B;1.08;0.000148;0.00051;TRUE;TRUE;TRUE;6
Q96KB5;PBK;1.27;3.33E-14;1.81E-12;TRUE;TRUE;FALSE;0
Q96KC8;DNAJC1;-1.76;1.12E-14;7.81E-13;TRUE;TRUE;FALSE;0
Q96P11;NSUN5;1.02;6.83E-09;7.42E-08;TRUE;TRUE;FALSE;0
Q96PY5;FMNL2;-1.37;8.06E-06;3.80E-05;TRUE;TRUE;TRUE;2
Q96QD8;SLC38A2;-1.69;0.000573;0.00165;TRUE;TRUE;FALSE;0
Q96R06;SPAG5;1.6;2.16E-07;1.54E-06;TRUE;TRUE;TRUE;6
Q96S97;MYADM;-1.02;1.84E-10;3.01E-09;TRUE;TRUE;FALSE;0
Q96T83;SLC9A7;1.38;0.000445;0.00133;TRUE;TRUE;TRUE;17
Q96T88;UHRF1;1.18;1.57E-14;1.02E-12;TRUE;TRUE;FALSE;0
Q99496;RNF2;1.96;0.000462;0.00137;TRUE;TRUE;TRUE;7
Q99519;NEU1;-1.13;1.53E-10;2.57E-09;TRUE;TRUE;FALSE;0
Q99536;VAT1;-1.41;3.58E-22;3.88E-19;TRUE;TRUE;FALSE;0
Q99541;PLIN2;-2.26;3.98E-06;2.03E-05;TRUE;TRUE;TRUE;6
Q99653;CHP1;-1.09;4.43E-09;5.04E-08;TRUE;TRUE;FALSE;0
Q99661;KIF2C;1.43;3.56E-10;5.30E-09;TRUE;TRUE;FALSE;0
Q99715;COL12A1;-1.03;3.08E-09;3.56E-08;TRUE;TRUE;FALSE;0
Q99719;SEPTIN5;-1.03;0.00926;0.0193;TRUE;TRUE;FALSE;0
Q99873;PRMT1;1.16;5.14E-12;1.34E-10;TRUE;TRUE;FALSE;0
Q99988;GDF15;-4.09;7.18E-14;3.45E-12;TRUE;TRUE;TRUE;3
Q9BQ52;ELAC2;1.21;1.20E-15;1.15E-13;TRUE;TRUE;FALSE;0
Q9BQ75;CMSS1;1.11;5.90E-07;3.72E-06;TRUE;TRUE;TRUE;1
Q9BQE5;APOL2;-1.85;1.10E-14;7.79E-13;TRUE;TRUE;FALSE;0
Q9BQT8;SLC25A21;-1.15;0.0186;0.0356;TRUE;TRUE;TRUE;4
Q9BRA0;NAA38;1.49;0.000647;0.00184;TRUE;TRUE;TRUE;17
Q9BRJ2;MRPL45;1.1;0.000353;0.00108;TRUE;TRUE;TRUE;2
Q9BRT9;GINS4;1.04;8.99E-05;0.000329;TRUE;TRUE;TRUE;7
Q9BRX5;GINS3;1.23;4.02E-10;5.92E-09;TRUE;TRUE;FALSE;0
Q9BSV6;TSEN34;1.01;2.91E-12;8.22E-11;TRUE;TRUE;TRUE;2
Q9BSY4;CHCHD5;1.35;2.39E-06;1.29E-05;TRUE;TRUE;TRUE;2
Q9BTC8;MTA3;1.28;8.68E-07;5.27E-06;TRUE;TRUE;TRUE;6
Q9BV36;MLPH;1.55;3.35E-19;1.30E-16;TRUE;TRUE;FALSE;0
Q9BVS4;RIOK2;1.19;0.00109;0.00292;TRUE;TRUE;TRUE;1
Q9BW19;KIFC1;1.33;1.69E-17;3.06E-15;TRUE;TRUE;FALSE;0
Q9BWE0;REPIN1;1.14;1.76E-12;5.33E-11;TRUE;TRUE;TRUE;1
Q9BWM7;SFXN3;-1.31;1.52E-13;6.46E-12;TRUE;TRUE;FALSE;0
Q9BXS6;NUSAP1;2.18;1.81E-08;1.72E-07;TRUE;TRUE;TRUE;4
Q9BZD4;NUF2;1.72;3.04E-09;3.53E-08;TRUE;TRUE;TRUE;2
Q9C0B2;CFAP74;-1.52;0.0133;0.0265;TRUE;TRUE;FALSE;0
Q9GZN1;ACTR6;1.03;0.00048;0.00141;TRUE;TRUE;TRUE;13
Q9GZP4;PITHD1;-1.04;2.31E-14;1.38E-12;TRUE;TRUE;FALSE;0
Q9H063;MAF1;2.02;1.84E-09;2.22E-08;TRUE;TRUE;TRUE;5
Q9H098;FAM107B;-1.08;4.86E-07;3.15E-06;TRUE;TRUE;FALSE;0
Q9H0R4;HDHD2;-1.55;5.16E-07;3.32E-06;TRUE;TRUE;TRUE;1
Q9H299;SH3BGRL3;-1.08;4.48E-06;2.27E-05;TRUE;TRUE;FALSE;0
Q9H2D6;TRIOBP;-1.38;1.85E-11;4.09E-10;TRUE;TRUE;TRUE;1
Q9H2G2;SLK;-1.04;1.14E-17;2.22E-15;TRUE;TRUE;FALSE;0
Q9H3U5;MFSD1;-1.17;0.00362;0.0084;TRUE;TRUE;TRUE;1
Q9H4B0;OSGEPL1;1.12;4.23E-07;2.79E-06;TRUE;TRUE;TRUE;4
Q9H5Q4;TFB2M;1.64;1.07E-12;3.37E-11;TRUE;TRUE;FALSE;0
Q9H5X1;CIAO2A;-1.03;0.00524;0.0117;TRUE;TRUE;TRUE;3
Q9H6T0;ESRP2;1.54;6.38E-09;6.94E-08;TRUE;TRUE;TRUE;3
Q9H8H2;DDX31;1.3;1.87E-06;1.04E-05;TRUE;TRUE;TRUE;3
Q9H8P0;SRD5A3;-1.41;5.24E-06;2.62E-05;TRUE;TRUE;TRUE;1
Q9HAU4;SMURF2;1.57;1.11E-10;2.00E-09;TRUE;TRUE;TRUE;2
Q9HAV4;XPO5;1.26;8.52E-14;3.99E-12;TRUE;TRUE;FALSE;0
Q9HBM1;SPC25;1.11;8.27E-10;1.10E-08;TRUE;TRUE;FALSE;0
Q9HBR0;SLC38A10;1.08;7.16E-05;0.000269;TRUE;TRUE;TRUE;5
Q9HBU6;ETNK1;1.4;2.74E-07;1.91E-06;TRUE;TRUE;TRUE;1
Q9HC84;MUC5B;1.15;5.25E-07;3.37E-06;TRUE;TRUE;FALSE;0
Q9NPB8;GPCPD1;-1.05;0.00324;0.0076;TRUE;TRUE;TRUE;9
Q9NPD8;UBE2T;1.05;4.43E-05;0.000176;TRUE;TRUE;TRUE;6
Q9NQC3;RTN4;-1.24;1.06E-16;1.55E-14;TRUE;TRUE;FALSE;0
Q9NQH7;XPNPEP3;1.74;5.23E-14;2.61E-12;TRUE;TRUE;FALSE;0
Q9NQT8;KIF13B;-1.01;0.0243;0.0452;TRUE;TRUE;FALSE;0
Q9NQW6;ANLN;1.67;6.65E-15;4.95E-13;TRUE;TRUE;FALSE;0
Q9NR12;PDLIM7;1.33;1.49E-16;2.07E-14;TRUE;TRUE;FALSE;0
Q9NR30;DDX21;1.51;5.02E-09;5.66E-08;TRUE;TRUE;FALSE;0
Q9NRW3;APOBEC3C;1.97;3.02E-06;1.58E-05;TRUE;TRUE;FALSE;0
Q9NRX5;SERINC1;-1.26;6.86E-06;3.30E-05;TRUE;TRUE;FALSE;0
Q9NS87;KIF15;1.22;8.06E-09;8.52E-08;TRUE;TRUE;TRUE;1
Q9NS91;RAD18;1.67;5.89E-08;4.88E-07;TRUE;TRUE;TRUE;3
Q9NUL3;STAU2;1.07;2.10E-15;1.87E-13;TRUE;TRUE;FALSE;0
Q9NW08;POLR3B;1.18;0.000556;0.00161;TRUE;TRUE;TRUE;8
Q9NWM8;FKBP14;-1.47;8.57E-09;8.99E-08;TRUE;TRUE;FALSE;0
Q9NX18;SDHAF2;1.41;1.34E-11;3.11E-10;TRUE;TRUE;FALSE;0
Q9NX74;DUS2;1.04;6.86E-09;7.44E-08;TRUE;TRUE;TRUE;2
Q9NXU5;ARL15;1.53;3.14E-07;2.16E-06;TRUE;TRUE;TRUE;10
Q9NYJ8;TAB2;1.03;1.51E-05;6.70E-05;TRUE;TRUE;TRUE;2
Q9NZJ5;EIF2AK3;-1.52;1.15E-08;1.16E-07;TRUE;TRUE;TRUE;1
Q9P016;THYN1;1.04;1.43E-08;1.41E-07;TRUE;TRUE;FALSE;0
Q9P1U0;POLR1H;1.43;3.44E-06;1.78E-05;TRUE;TRUE;TRUE;2
Q9P1Z2;CALCOCO1;-2.44;3.44E-13;1.29E-11;TRUE;TRUE;TRUE;1
Q9P2K6;KLHL42;1.09;2.88E-05;0.000119;TRUE;TRUE;TRUE;2
Q9UBD5;ORC3;1.65;8.34E-08;6.61E-07;TRUE;TRUE;TRUE;2
Q9UBM7;DHCR7;1.23;2.56E-06;1.37E-05;TRUE;TRUE;FALSE;0
Q9UBP9;GULP1;-2.04;6.11E-11;1.18E-09;TRUE;TRUE;FALSE;0
Q9UHA4;LAMTOR3;-1.09;0.00168;0.00431;TRUE;TRUE;FALSE;0
Q9UHI8;ADAMTS1;-2.8;9.68E-13;3.11E-11;TRUE;TRUE;TRUE;5
Q9UHW5;GPN3;1.26;2.93E-11;6.10E-10;TRUE;TRUE;TRUE;1
Q9UHY1;NRBP1;-1.11;4.76E-09;5.38E-08;TRUE;TRUE;FALSE;0
Q9UII2;ATP5IF1;-1.27;1.20E-06;6.99E-06;TRUE;TRUE;FALSE;0
Q9UJ70;NAGK;-1.29;2.50E-15;2.09E-13;TRUE;TRUE;FALSE;0
Q9UJM3;ERRFI1;-1.2;6.12E-08;5.02E-07;TRUE;TRUE;FALSE;0
Q9UJX3;ANAPC7;1.01;5.39E-10;7.50E-09;TRUE;TRUE;FALSE;0
Q9UJX4;ANAPC5;1.05;7.52E-05;0.000281;TRUE;TRUE;TRUE;5
Q9UJX6;ANAPC2;1.19;5.34E-06;2.66E-05;TRUE;TRUE;TRUE;2
Q9UKA4;AKAP11;1.1;7.05E-09;7.59E-08;TRUE;TRUE;TRUE;1
Q9UKE5;TNIK;-1.14;9.37E-05;0.000341;TRUE;TRUE;TRUE;5
Q9UKV8;ago-02;-1.63;5.19E-23;1.09E-19;TRUE;TRUE;FALSE;0
Q9ULH0;KIDINS220;-1.02;9.68E-08;7.57E-07;TRUE;TRUE;FALSE;0
Q9ULW0;TPX2;1.39;2.66E-10;4.16E-09;TRUE;TRUE;FALSE;0
Q9ULZ3;PYCARD;1.32;0.00215;0.00532;TRUE;TRUE;TRUE;5
Q9UMY4;SNX12;-1.04;4.44E-10;6.42E-09;TRUE;TRUE;FALSE;0
Q9UNN8;PROCR;1.09;4.16E-06;2.12E-05;TRUE;TRUE;FALSE;0
Q9UNQ2;DIMT1;1.68;2.53E-14;1.46E-12;TRUE;TRUE;FALSE;0
Q9UPN9;TRIM33;1.07;0.000357;0.00109;TRUE;TRUE;TRUE;1
Q9UPT6;MAPK8IP3;-1.59;4.96E-07;3.22E-06;TRUE;TRUE;TRUE;6
Q9Y2B0;CNPY2;-1.25;2.70E-15;2.22E-13;TRUE;TRUE;FALSE;0
Q9Y2D4;EXOC6B;1.01;1.70E-08;1.63E-07;TRUE;TRUE;FALSE;0
Q9Y2D5;PALM2AKAP2;-1.6;1.06E-15;1.02E-13;TRUE;TRUE;FALSE;0
Q9Y2G5;POFUT2;-1.17;3.11E-09;3.58E-08;TRUE;TRUE;FALSE;0
Q9Y2H0;DLGAP4;-1.6;2.23E-14;1.35E-12;TRUE;TRUE;FALSE;0
Q9Y2L1;DIS3;1.33;2.24E-19;9.37E-17;TRUE;TRUE;FALSE;0
Q9Y394;DHRS7;-1.23;3.54E-07;2.41E-06;TRUE;TRUE;FALSE;0
Q9Y3D0;CIAO2B;1.52;0.000925;0.00254;TRUE;TRUE;TRUE;2
Q9Y3E1;HDGFL3;1.08;0.00176;0.00448;TRUE;TRUE;TRUE;4
Q9Y3I1;FBXO7;1.31;0.00204;0.00508;TRUE;TRUE;TRUE;6
Q9Y3P9;RABGAP1;1.11;2.77E-10;4.30E-09;TRUE;TRUE;FALSE;0
Q9Y3Q3;TMED3;1.23;5.36E-13;1.91E-11;TRUE;TRUE;FALSE;0
Q9Y3Z3;SAMHD1;1.14;1.84E-08;1.74E-07;TRUE;TRUE;FALSE;0
Q9Y426;C2CD2;-1.2;1.41E-08;1.40E-07;TRUE;TRUE;FALSE;0
Q9Y5A7;NUB1;1.43;2.59E-16;3.35E-14;TRUE;TRUE;FALSE;0
Q9Y618;NCOR2;1.52;1.43E-13;6.15E-12;TRUE;TRUE;FALSE;0
Q9Y657;SPIN1;1.03;2.30E-05;9.73E-05;TRUE;TRUE;TRUE;1
Q9Y697;NFS1;1.24;1.25E-13;5.57E-12;TRUE;TRUE;FALSE;0
Q9Y6A5;TACC3;1.38;3.53E-10;5.26E-09;TRUE;TRUE;TRUE;1
Q9Y6K8;AK5;1.35;1.89E-06;1.05E-05;TRUE;TRUE;TRUE;13
Q9Y6V7;DDX49;1.06;1.12E-05;5.11E-05;TRUE;TRUE;TRUE;2
O75896;TUSC2;-1.06;0.0498;0.0843;FALSE;FALSE;TRUE;3
P02656;APOC3;-1.18;0.0459;0.0784;FALSE;FALSE;TRUE;14
Q687X5;STEAP4;1.3;0.0329;0.0587;FALSE;FALSE;TRUE;14
Q9BY50;SEC11C;1.15;0.0364;0.064;FALSE;FALSE;TRUE;3
Q9P0J7;KCMF1;1.01;0.0326;0.0582;FALSE;FALSE;TRUE;8